-- MySQL dump 10.13  Distrib 8.0.25, for Linux (x86_64)
--
-- Host: localhost    Database: cstp_2101_bank
-- ------------------------------------------------------
-- Server version	8.0.25-0ubuntu0.20.04.1

/*!40101 SET @OLD_CHARACTER_SET_CLIENT=@@CHARACTER_SET_CLIENT */;
/*!40101 SET @OLD_CHARACTER_SET_RESULTS=@@CHARACTER_SET_RESULTS */;
/*!40101 SET @OLD_COLLATION_CONNECTION=@@COLLATION_CONNECTION */;
/*!50503 SET NAMES utf8mb4 */;
/*!40103 SET @OLD_TIME_ZONE=@@TIME_ZONE */;
/*!40103 SET TIME_ZONE='+00:00' */;
/*!40014 SET @OLD_UNIQUE_CHECKS=@@UNIQUE_CHECKS, UNIQUE_CHECKS=0 */;
/*!40014 SET @OLD_FOREIGN_KEY_CHECKS=@@FOREIGN_KEY_CHECKS, FOREIGN_KEY_CHECKS=0 */;
/*!40101 SET @OLD_SQL_MODE=@@SQL_MODE, SQL_MODE='NO_AUTO_VALUE_ON_ZERO' */;
/*!40111 SET @OLD_SQL_NOTES=@@SQL_NOTES, SQL_NOTES=0 */;

--
-- Table structure for table `Account`
--

DROP TABLE IF EXISTS `Account`;
/*!40101 SET @saved_cs_client     = @@character_set_client */;
/*!50503 SET character_set_client = utf8mb4 */;
CREATE TABLE `Account` (
  `accNumber` int NOT NULL,
  `type` char(3) CHARACTER SET utf8 COLLATE utf8_general_ci DEFAULT NULL,
  `balance` decimal(18,2) DEFAULT NULL,
  `branchNumber` int DEFAULT NULL,
  PRIMARY KEY (`accNumber`)
) ENGINE=InnoDB DEFAULT CHARSET=utf8mb4 COLLATE=utf8mb4_0900_ai_ci;
/*!40101 SET character_set_client = @saved_cs_client */;

--
-- Dumping data for table `Account`
--

LOCK TABLES `Account` WRITE;
/*!40000 ALTER TABLE `Account` DISABLE KEYS */;
INSERT INTO `Account` VALUES (1,'SAV',118231.13,1),(2,'CHQ',100808.03,1),(3,'CHQ',77231.12,1),(4,'BUS',106503.60,1),(5,'CHQ',105696.04,1),(6,'CHQ',107309.23,1),(7,'CHQ',95358.73,1),(8,'BUS',121267.54,1),(9,'SAV',132271.23,1),(10,'BUS',72667.44,1),(11,'CHQ',90343.03,1),(12,'SAV',77626.76,1),(13,'CHQ',112505.84,1),(14,'CHQ',73455.10,1),(15,'CHQ',78226.03,1),(16,'BUS',75390.64,1),(17,'CHQ',103356.07,1),(18,'BUS',103579.69,1),(19,'SAV',83432.52,1),(20,'CHQ',107270.59,1),(21,'CHQ',61088.32,1),(22,'BUS',78928.42,1),(23,'CHQ',86557.70,1),(24,'CHQ',93154.91,1),(25,'SAV',105997.07,1),(26,'SAV',112046.36,1),(27,'BUS',81162.08,1),(28,'CHQ',112617.97,1),(29,'CHQ',94087.32,1),(30,'CHQ',63355.07,1),(31,'CHQ',111209.89,1),(32,'SAV',83408.19,1),(33,'CHQ',66644.17,1),(34,'CHQ',77291.46,1),(35,'SAV',77214.48,1),(36,'BUS',65482.68,1),(37,'SAV',9421.53,1),(38,'CHQ',82432.46,1),(39,'CHQ',73214.41,1),(40,'SAV',72419.68,1),(41,'CHQ',57835.64,3),(42,'CHQ',15027.44,3),(43,'BUS',82028.05,3),(44,'SAV',69658.25,3),(45,'CHQ',85737.08,3),(46,'CHQ',30235.92,3),(47,'CHQ',19425.14,3),(48,'SAV',63416.35,3),(49,'SAV',87557.84,3),(50,'CHQ',6086.00,3),(51,'BUS',45793.34,3),(52,'CHQ',23848.60,3),(53,'SAV',49101.06,3),(54,'CHQ',48383.18,3),(55,'BUS',49713.83,3),(56,'CHQ',97555.21,3),(57,'CHQ',82512.57,3),(58,'CHQ',58127.71,3),(59,'CHQ',112534.31,3),(60,'SAV',53485.04,3),(61,'CHQ',11749.75,3),(62,'CHQ',36702.54,3),(63,'BUS',57035.26,3),(64,'SAV',87815.69,3),(65,'CHQ',61400.10,3),(66,'CHQ',40008.53,3),(67,'CHQ',93884.60,3),(68,'SAV',37748.82,3),(69,'SAV',18172.88,3),(70,'SAV',33716.29,3),(71,'CHQ',52620.44,3),(72,'SAV',59597.18,3),(73,'CHQ',27130.90,3),(74,'BUS',70301.55,3),(75,'CHQ',14043.82,3),(76,'CHQ',86994.95,3),(77,'CHQ',92207.37,3),(78,'SAV',72742.21,3),(79,'CHQ',49404.40,3),(80,'BUS',13574.85,2),(81,'CHQ',107129.47,4),(82,'SAV',29525.31,5),(83,'CHQ',76413.70,1),(84,'CHQ',8533.50,1),(85,'SAV',69476.72,1),(86,'SAV',50837.08,1),(87,'CHQ',31103.59,1),(88,'BUS',4563.37,1),(89,'SAV',97457.14,1),(90,'CHQ',33551.51,2),(91,'BUS',62531.41,2),(92,'BUS',71552.54,2),(93,'BUS',79642.98,2),(94,'SAV',74260.98,2),(95,'SAV',22741.92,3),(96,'SAV',37055.15,3),(97,'SAV',11797.34,3),(98,'SAV',69297.68,3),(99,'SAV',17951.51,3),(100,'CHQ',33128.61,4),(101,'SAV',17004.14,4),(102,'CHQ',89221.14,4),(103,'SAV',90491.84,4),(104,'CHQ',58057.60,5),(105,'CHQ',27705.29,5),(106,'BUS',102297.76,5),(107,'BUS',102366.95,1),(108,'CHQ',66088.83,1),(109,'CHQ',56112.34,1),(110,'SAV',36235.58,1),(111,'CHQ',70566.34,1),(112,'CHQ',31854.76,1),(113,'CHQ',82792.58,1),(114,'BUS',67973.27,1),(115,'BUS',102857.55,1),(116,'BUS',34798.47,1),(117,'SAV',14203.10,1),(118,'CHQ',57084.45,1),(119,'CHQ',113473.16,1),(120,'SAV',27253.21,1),(121,'SAV',103512.78,1),(122,'CHQ',48725.20,1),(123,'BUS',80993.90,1),(124,'BUS',11732.87,1),(125,'SAV',44498.65,1),(126,'CHQ',56986.70,1),(127,'CHQ',54938.10,1),(128,'SAV',73129.43,1),(129,'BUS',35668.54,1),(130,'CHQ',102776.09,1),(131,'CHQ',65314.36,1),(132,'CHQ',99950.35,1),(133,'BUS',86457.17,1),(134,'SAV',37690.50,1),(135,'SAV',105420.87,1),(136,'CHQ',32694.57,1),(137,'SAV',76535.96,1),(138,'BUS',104044.22,1),(139,'BUS',101394.11,1),(140,'SAV',99233.93,1),(141,'BUS',93073.14,1),(142,'SAV',86931.71,1),(143,'SAV',27480.19,1),(144,'CHQ',31521.61,1),(145,'SAV',34588.13,3),(146,'SAV',95876.24,3),(147,'CHQ',114094.94,3),(148,'CHQ',100187.85,3),(149,'CHQ',81508.76,3),(150,'BUS',77477.04,3),(151,'BUS',82207.06,3),(152,'SAV',31858.67,3),(153,'CHQ',50791.28,3),(154,'CHQ',66605.48,3),(155,'SAV',55474.05,3),(156,'SAV',41520.57,3),(157,'CHQ',73162.44,3),(158,'CHQ',83981.94,3),(159,'BUS',44147.62,3),(160,'SAV',87925.09,3),(161,'CHQ',22932.00,3),(162,'CHQ',90303.24,3),(163,'CHQ',30169.57,3),(164,'CHQ',101336.25,3),(165,'CHQ',108042.83,3),(166,'BUS',65453.56,3),(167,'BUS',20965.26,3),(168,'CHQ',41877.40,2),(169,'CHQ',32880.92,2),(170,'SAV',69580.12,2),(171,'SAV',94194.62,2),(172,'CHQ',85165.81,2),(173,'BUS',15923.34,2),(174,'BUS',23535.33,2),(175,'BUS',70997.62,2),(176,'CHQ',113048.79,2),(177,'BUS',52032.61,2),(178,'BUS',16105.24,2),(179,'BUS',42494.67,2),(180,'BUS',40624.03,2),(181,'SAV',24453.37,2),(182,'CHQ',29159.33,2),(183,'CHQ',9307.48,2),(184,'CHQ',15291.30,2),(185,'CHQ',33527.24,2),(186,'SAV',46559.63,2),(187,'CHQ',103328.66,2),(188,'CHQ',15594.68,2),(189,'SAV',67788.00,2),(190,'CHQ',89691.22,2),(191,'CHQ',95003.16,2),(192,'SAV',19162.66,2),(193,'SAV',20098.57,2),(194,'SAV',92152.03,2),(195,'CHQ',88554.16,2),(196,'CHQ',47316.34,2),(197,'BUS',19495.50,2),(198,'CHQ',102686.76,2),(199,'BUS',87161.89,2),(200,'BUS',100035.01,2),(201,'CHQ',60209.26,2),(202,'CHQ',66850.69,2),(203,'CHQ',80881.13,2),(204,'CHQ',72290.49,2),(205,'SAV',49952.82,2),(206,'CHQ',83814.09,2),(207,'CHQ',57012.31,2),(208,'CHQ',39569.33,2),(209,'BUS',88574.32,2),(210,'CHQ',68064.25,2),(211,'CHQ',94562.36,2),(212,'BUS',54950.80,2),(213,'SAV',41508.56,2),(214,'CHQ',61928.33,2),(215,'BUS',83349.17,2),(216,'SAV',74211.19,2),(217,'SAV',50874.79,2),(218,'BUS',103650.37,2),(219,'BUS',29672.22,2),(220,'CHQ',84329.91,2),(221,'BUS',105068.53,2),(222,'SAV',81498.87,2),(223,'SAV',41345.93,2),(224,'SAV',61398.87,2),(225,'BUS',18954.60,2),(226,'CHQ',55444.17,2),(227,'CHQ',109916.78,2),(228,'SAV',77031.07,2),(229,'CHQ',81816.87,2),(230,'SAV',63379.26,2),(231,'CHQ',10203.09,2),(232,'CHQ',81180.98,2),(233,'CHQ',46629.30,2),(234,'BUS',35041.68,2),(235,'SAV',44741.90,2),(236,'BUS',23084.55,2),(237,'BUS',91951.43,2),(238,'BUS',46680.50,2),(239,'CHQ',2254.01,2),(240,'BUS',96635.34,2),(241,'CHQ',75723.27,2),(242,'BUS',31705.31,4),(243,'SAV',49766.04,4),(244,'CHQ',30768.43,4),(245,'SAV',95413.18,4),(246,'CHQ',58063.58,4),(247,'BUS',72957.44,4),(248,'SAV',65919.35,4),(249,'BUS',83863.10,4),(250,'SAV',28400.79,4),(251,'SAV',33140.30,4),(252,'CHQ',94530.03,4),(253,'SAV',74761.19,4),(254,'BUS',63839.93,4),(255,'BUS',29913.60,4),(256,'SAV',72686.41,4),(257,'SAV',69711.29,5),(258,'CHQ',31874.66,5),(259,'CHQ',89292.26,5),(260,'SAV',55607.43,5),(261,'SAV',55402.81,5),(262,'CHQ',82475.58,5),(263,'SAV',22682.38,5),(264,'BUS',56998.05,5),(265,'CHQ',19061.45,5),(266,'CHQ',17608.20,5),(267,'BUS',24588.13,5),(268,'SAV',91951.04,5),(269,'BUS',79912.41,5),(270,'SAV',24148.47,5),(271,'BUS',43452.71,5),(272,'CHQ',101739.44,5),(273,'BUS',65213.27,5),(274,'CHQ',64163.66,5),(275,'SAV',95955.98,5),(276,'CHQ',6690.91,5),(277,'CHQ',95702.75,5),(278,'SAV',48434.80,4),(279,'BUS',88794.87,4),(280,'SAV',45824.72,4),(281,'CHQ',80968.75,4),(282,'SAV',101063.84,4),(283,'CHQ',52820.66,4),(284,'SAV',85756.70,4),(285,'CHQ',36115.40,4),(286,'CHQ',25533.43,4),(287,'CHQ',51492.52,4),(288,'CHQ',51490.77,4),(289,'CHQ',41904.46,4),(290,'BUS',87236.94,4),(291,'SAV',101504.47,4),(292,'CHQ',86090.85,4),(293,'CHQ',82812.96,4),(294,'BUS',36864.46,4),(295,'CHQ',44516.40,4),(296,'CHQ',65875.84,4),(297,'BUS',77378.21,4),(298,'SAV',92525.41,4);
/*!40000 ALTER TABLE `Account` ENABLE KEYS */;
UNLOCK TABLES;

--
-- Table structure for table `Branch`
--

DROP TABLE IF EXISTS `Branch`;
/*!40101 SET @saved_cs_client     = @@character_set_client */;
/*!50503 SET character_set_client = utf8mb4 */;
CREATE TABLE `Branch` (
  `branchNumber` int NOT NULL,
  `branchName` varchar(20) DEFAULT NULL,
  `managerSIN` int DEFAULT NULL,
  `budget` decimal(18,2) DEFAULT NULL,
  PRIMARY KEY (`branchNumber`)
) ENGINE=InnoDB DEFAULT CHARSET=utf8mb4 COLLATE=utf8mb4_0900_ai_ci;
/*!40101 SET character_set_client = @saved_cs_client */;

--
-- Dumping data for table `Branch`
--

LOCK TABLES `Branch` WRITE;
/*!40000 ALTER TABLE `Branch` DISABLE KEYS */;
INSERT INTO `Branch` VALUES (1,'London',55700,3200000.00),(2,'Latveria',51850,2500000.00),(3,'New York',31964,2750000.00),(4,'Berlin',99537,1500000.00),(5,'Moscow',63963,800000.00);
/*!40000 ALTER TABLE `Branch` ENABLE KEYS */;
UNLOCK TABLES;

--
-- Table structure for table `Customer`
--

DROP TABLE IF EXISTS `Customer`;
/*!40101 SET @saved_cs_client     = @@character_set_client */;
/*!50503 SET character_set_client = utf8mb4 */;
CREATE TABLE `Customer` (
  `customerID` int NOT NULL,
  `firstName` varchar(20) DEFAULT NULL,
  `lastName` varchar(20) DEFAULT NULL,
  `income` int DEFAULT NULL,
  `birthDate` date DEFAULT NULL,
  PRIMARY KEY (`customerID`)
) ENGINE=InnoDB DEFAULT CHARSET=utf8mb4 COLLATE=utf8mb4_0900_ai_ci;
/*!40101 SET character_set_client = @saved_cs_client */;

--
-- Dumping data for table `Customer`
--

LOCK TABLES `Customer` WRITE;
/*!40000 ALTER TABLE `Customer` DISABLE KEYS */;
INSERT INTO `Customer` VALUES (10839,'Amy','Hayes',24386,NULL),(11696,'Denise','Lopez',16409,NULL),(11790,'Benjamin','Green',54011,NULL),(11799,'Judith','Martinez',59593,NULL),(13230,'Marie','Brooks',3300,NULL),(13423,'Norma','Simmons',99902,NULL),(13697,'Charles','Hill',92397,NULL),(13874,'Jimmy','Cooper',79613,NULL),(14295,'Anne','Ramirez',44495,NULL),(16837,'Stephen','Hughes',48819,NULL),(18166,'Ruby','Barnes',84562,NULL),(19308,'Mildred','Reed',64499,NULL),(19973,'Albert','Kelly',70028,NULL),(20287,'Eugene','Thomas',79481,NULL),(22050,'Helen','Sanchez',63333,NULL),(23010,'Martha','Young',63192,NULL),(25052,'Jack','Anderson',35755,NULL),(25159,'Shirley','Brooks',41580,NULL),(27004,'Steven','Johnson',69842,NULL),(27954,'Diana',';nzales',94777,NULL),(28453,'Margaret','White',75146,NULL),(28505,'Joe','Cook',4293,NULL),(29474,'Amanda','White',59360,NULL),(29652,'Martha','Butler',26091,NULL),(30525,'Helen','Carter',48963,NULL),(30622,'Harry','Murphy',30794,NULL),(30807,'Roy','Morris',40753,NULL),(32422,'Christine','Gray',95821,NULL),(33133,'Henry','Barnes',50640,NULL),(33726,'Jerry','Cook',91174,NULL),(33850,'Henry','Ward',60404,NULL),(33913,'Ronald','Bell',91166,NULL),(34069,'Earl','Lee',10630,NULL),(35059,'Larry','Murphy',69037,NULL),(35380,'Harold','Clark',47079,NULL),(35780,'Harold','Young',60731,NULL),(36238,'Ralph','Morgan',59759,NULL),(36978,'Johnny','Hall',78168,NULL),(37088,'Cynthia','Ross',53639,NULL),(37716,'Annie','Scott',59925,NULL),(38003,'Joshua','Griffin',44103,NULL),(38351,'Victor','Perez',86093,NULL),(38602,'Robin','Jones',54320,NULL),(38861,'Gerald','James',14132,NULL),(40351,'Sandra','Hayes',83395,NULL),(41545,'Terry','Bailey',9534,NULL),(41648,'Shawn','Clark',58007,NULL),(42612,'Joe','Kelly',40840,NULL),(43010,'Anthony','Bailey',72328,NULL),(43705,'Louis','Bell',50159,NULL),(44065,'Benjamin','Ramirez',15296,NULL),(44459,'Gerald','Watson',55740,NULL),(44637,'Susan','Carter',19590,NULL),(44922,'Dennis','Flores',84560,NULL),(45029,'Steve','Ward',78495,NULL),(45960,'Jacqueline','Long',19411,NULL),(46058,'Adam','Rivera',3622,NULL),(46630,'Billy','Coleman',77001,NULL),(46937,'Juan','Ward',84262,NULL),(47953,'Frank','Martinez',3254,NULL),(49747,'Philip','Brooks',83907,NULL),(50742,'Louise','Wilson',96214,NULL),(51850,'Victor','Doom',97412,NULL),(52189,'Shawn','Sanders',13615,NULL),(52622,'Maria','Morgan',20599,NULL),(54446,'Kevin','Butler',17217,NULL),(55146,'Mark','Jackson',42893,NULL),(55194,'Kathleen','Morris',38549,NULL),(55700,'Phillip','Edwards',99339,NULL),(57796,'Ernest','Adams',75896,NULL),(59366,'Susan','Smith',86045,NULL),(60959,'Andrew','Jones',61289,NULL),(61379,'Ryan','Williams',95170,NULL),(61969,'Antonio','Henderson',84174,NULL),(61976,'Wanda','Parker',20893,NULL),(62312,'Phyllis','Lopez',92919,NULL),(63772,'Mary','Powell',74194,NULL),(63859,'Maria','Young',25995,NULL),(64055,'Laura','Barnes',41159,NULL),(64063,'Mark','Coleman',72382,NULL),(65044,'Deborah','Hill',70455,NULL),(65289,'Robin','Wright',18666,NULL),(65441,'Arthur','Thompson',36915,NULL),(66386,'Chris','Henderson',36786,NULL),(66418,'Stephanie','Adams',46486,NULL),(66744,'Rachel','Edwards',383,NULL),(67384,'Lawrence','Brooks',40043,NULL),(69101,'Ernest','Perez',59757,NULL),(69256,'Jacqueline','Thomas',12945,NULL),(70471,'Jason','Brown',53770,NULL),(72583,'Clarence','Brown',95879,NULL),(73386,'Arthur','Jones',57935,NULL),(73562,'Jeremy','Stewart',73556,NULL),(73925,'Doris','Powell',23250,NULL),(75671,'Billy','Jones',47899,NULL),(76786,'Roy','Hernandez',59788,NULL),(77100,'Laura','Alexander',23477,NULL),(78000,'Jimmy','Campbell',47558,NULL),(78477,'Brian','Gray',71601,NULL),(78990,'Katherine','Morris',79080,NULL),(79601,'Joe','Sanders',95144,NULL),(80315,'Roger','Turner',84919,NULL),(80321,'Kimberly','Kelly',8431,NULL),(81108,'Willie','Jones',61312,NULL),(81263,'Anna','Cooper',67275,NULL),(81495,'Jack','Wilson',70247,NULL),(82244,'Douglas','Wright',29009,NULL),(82333,'Charles','Smith',45443,NULL),(82464,'Susan','Hayes',28953,NULL),(83038,'Phillip','Taylor',58767,NULL),(83620,'Carlos','Clark',77423,NULL),(84873,'Cheryl','Parker',60586,NULL),(85587,'Justin','Mitchell',38385,NULL),(85981,'Sharon','Collins',99531,NULL),(86357,'Andrew','Evans',59137,NULL),(86858,'Carol','Alexander',56145,NULL),(87013,'Patrick','Peterson',933,NULL),(87416,'Jeffrey','Griffin',68812,NULL),(87822,'Dennis','Long',2333,NULL),(87978,'Christopher',';nzalez',38594,NULL),(88164,'Jimmy','Parker',30640,NULL),(88375,'Randy','Mitchell',67895,NULL),(89197,'Lawrence','Anderson',28761,NULL),(89902,'Joe',';nzalez',89692,NULL),(90534,'Joseph','Murphy',16186,NULL),(90649,'Helen','Morgan',98442,NULL),(90667,'Carl','Murphy',19534,NULL),(90798,'Aaron','Wilson',32312,NULL),(91003,'Andrea','Clark',37052,NULL),(91349,'Donna','Sanders',76164,NULL),(91520,'Keith','Rivera',35711,NULL),(91672,'Edward','Green',73689,NULL),(92389,'Amy','Ross',12525,NULL),(93300,'Bonnie','Johnson',69198,NULL),(93791,'Evelyn','Scott',68832,NULL),(93995,'Kevin','Morris',10867,NULL),(96475,'Sean','Nelson',96216,NULL),(96712,'Kimberly','Powell',65555,NULL),(97121,'Justin','Martinez',24404,NULL),(97216,'Dennis','Collins',89746,NULL),(98826,'William','Adams',77570,NULL),(98923,'Dennis','Reed',51381,NULL),(99537,'Deborah','Hernandez',90211,NULL);
/*!40000 ALTER TABLE `Customer` ENABLE KEYS */;
UNLOCK TABLES;

--
-- Table structure for table `Employee`
--

DROP TABLE IF EXISTS `Employee`;
/*!40101 SET @saved_cs_client     = @@character_set_client */;
/*!50503 SET character_set_client = utf8mb4 */;
CREATE TABLE `Employee` (
  `sin` int NOT NULL,
  `firstName` varchar(20) DEFAULT NULL,
  `lastName` varchar(20) DEFAULT NULL,
  `salary` int DEFAULT NULL,
  `branchNumber` int DEFAULT NULL,
  PRIMARY KEY (`sin`)
) ENGINE=InnoDB DEFAULT CHARSET=utf8mb4 COLLATE=utf8mb4_0900_ai_ci;
/*!40101 SET character_set_client = @saved_cs_client */;

--
-- Dumping data for table `Employee`
--

LOCK TABLES `Employee` WRITE;
/*!40000 ALTER TABLE `Employee` DISABLE KEYS */;
INSERT INTO `Employee` VALUES (11185,'Sandra','Clark',39466,1),(11285,'Rebecca','Simmons',93779,3),(11499,'John','Bailey',27769,4),(14209,'Stephen','Coleman',36784,3),(14295,'Anne','Ramirez',44495,5),(15153,'Louise','Alexander',32204,4),(17301,'Rose','Moore',45103,5),(17323,'Todd','Ross',14018,2),(23528,'Lisa','Russell',94974,3),(24065,'Diana','Hernandez',25870,1),(24469,'Frank','Rodriguez',13950,1),(24901,'Charles','Clark',32470,3),(25902,'Gerald','Cook',14334,3),(27004,'Steven','Johnson',69842,3),(28453,'Margaret','White',75146,1),(29474,'Amanda','White',59360,1),(30513,'Timothy','Perez',78839,1),(30807,'Roy','Morris',40753,2),(31964,'Victor','Doom',90483,3),(33743,'Jacqueline','Scott',70396,4),(34532,'Jacqueline','Reed',35173,2),(37490,'Steven','Rivera',23082,1),(38351,'Victor','Perez',86093,3),(40900,'Chris','Garcia',77533,3),(41545,'Terry','Bailey',9534,4),(42182,'Denise','Jenkins',60059,3),(44459,'Gerald','Watson',55740,5),(45676,'Martha','Cook',41201,1),(48264,'Phyllis','Lee',52031,1),(49024,'Robin','Garcia',3349,4),(49069,'Joshua','Russell',7600,4),(51850,'Victor','Doom',87242,2),(52020,'Katherine','Miller',43128,5),(55146,'Mark','Jackson',42893,1),(55194,'Kathleen','Morris',38549,2),(55700,'Phillip','Edwards',99289,1),(57796,'Ernest','Adams',75896,3),(58707,'Clarence','Watson',85934,1),(58844,'Richard','Griffin',30403,4),(59653,'Wanda','Thompson',49066,3),(60822,'Gerald','Diaz',59709,2),(63772,'Mary','Powell',74194,2),(63963,'Cheryl','Thompson',71284,5),(68006,'Stephen','Ross',73264,1),(68383,'Lisa','Scott',65722,4),(70163,'Craig','Lewis',25389,4),(71076,'Judy','Perry',13393,3),(73386,'Arthur','Jones',57935,2),(76576,'Martha','Hill',23540,4),(77100,'Laura','Alexander',23477,4),(78993,'Lori','Walker',10953,3),(79162,'Kimberly','Howard',27531,3),(79510,'Nicholas','Hernandez',84199,1),(81108,'Willie','Jones',61312,2),(81126,'Steve','Campbell',71185,5),(81263,'Anna','Cooper',67275,3),(81302,'Sara','Hernandez',29426,4),(82076,'Andrea','Wood',25328,3),(82244,'Douglas','Wright',29009,1),(82333,'Charles','Smith',45443,4),(82464,'Susan','Hayes',28953,1),(82495,'Amanda','Butler',35868,1),(85587,'Justin','Mitchell',38385,1),(85925,'Lisa','Moore',15370,1),(86032,'Shirley','Collins',42301,1),(86213,'Beverly','Martinez',85853,2),(90368,'Theresa','King',19403,3),(90667,'Carl','Murphy',19534,3),(91712,'Victor','Doom',9491,2),(92389,'Amy','Ross',12525,5),(92400,'Tina','Cook',44853,3),(93942,'Wayne','Hill',12065,3),(95246,'David','Garcia',98773,2),(95429,'Cheryl','White',51003,4),(96443,'Ernest','Perez',19971,4),(97216,'Dennis','Collins',89746,1),(97976,'Clarence','Peterson',32400,1),(98119,'Gre;ry','Long',66863,2),(99537,'Deborah','Hernandez',90211,4);
/*!40000 ALTER TABLE `Employee` ENABLE KEYS */;
UNLOCK TABLES;

--
-- Table structure for table `Owns`
--

DROP TABLE IF EXISTS `Owns`;
/*!40101 SET @saved_cs_client     = @@character_set_client */;
/*!50503 SET character_set_client = utf8mb4 */;
CREATE TABLE `Owns` (
  `customerID` int NOT NULL,
  `accNumber` int NOT NULL,
  PRIMARY KEY (`customerID`,`accNumber`)
) ENGINE=InnoDB DEFAULT CHARSET=utf8mb4 COLLATE=utf8mb4_0900_ai_ci;
/*!40101 SET character_set_client = @saved_cs_client */;

--
-- Dumping data for table `Owns`
--

LOCK TABLES `Owns` WRITE;
/*!40000 ALTER TABLE `Owns` DISABLE KEYS */;
INSERT INTO `Owns` VALUES (10839,15),(10839,296),(11696,45),(11790,1),(11790,24),(11790,150),(11799,174),(13230,137),(13230,202),(13423,87),(13423,246),(13697,38),(13697,147),(13697,251),(13874,47),(13874,82),(13874,232),(14295,106),(14295,245),(14295,273),(16837,41),(16837,187),(16837,197),(16837,212),(18166,34),(18166,204),(19308,82),(19308,234),(19308,260),(19973,140),(20287,196),(20287,222),(20287,241),(22050,19),(22050,221),(23010,250),(25052,154),(25052,169),(25052,171),(25052,172),(25052,290),(25052,297),(25159,242),(25159,270),(27004,29),(27004,33),(27004,70),(27004,96),(27004,271),(27954,10),(27954,68),(27954,239),(28453,89),(28453,173),(28505,5),(29474,60),(29474,85),(29474,293),(30525,125),(30525,201),(30525,270),(30622,58),(30622,81),(30622,157),(30807,57),(30807,91),(30807,119),(30807,156),(30807,231),(32422,254),(32422,282),(33133,216),(33133,263),(33133,295),(33726,132),(33726,243),(33726,287),(33850,204),(33850,256),(33913,7),(33913,260),(34069,27),(34069,118),(34069,177),(34069,218),(35059,111),(35059,213),(35059,227),(35059,264),(35380,24),(35780,217),(35780,288),(36238,240),(37716,142),(37716,186),(38003,289),(38351,39),(38351,95),(38351,158),(38351,189),(38602,74),(38861,3),(38861,228),(38861,248),(38861,294),(40351,123),(40351,126),(40351,139),(41545,32),(41545,51),(41545,102),(41545,252),(41648,135),(42612,182),(42612,225),(43705,192),(43705,236),(44065,109),(44065,193),(44459,2),(44459,104),(44637,69),(44922,17),(44922,56),(44922,133),(44922,188),(44922,206),(44922,279),(45960,28),(46058,110),(46058,245),(46630,160),(46630,255),(46937,9),(47953,48),(47953,115),(47953,293),(49747,142),(49747,153),(50742,76),(50742,77),(50742,107),(50742,272),(51850,35),(51850,129),(51850,161),(51850,182),(52189,6),(52189,53),(52189,62),(52189,79),(52189,249),(52189,290),(52622,95),(52622,257),(55146,83),(55194,93),(57796,99),(57796,208),(59366,26),(59366,36),(59366,54),(59366,57),(59366,64),(59366,148),(59366,152),(60959,205),(61379,151),(61969,144),(61976,167),(61976,235),(61976,265),(62312,61),(62312,116),(62312,219),(62312,261),(63772,90),(63772,134),(63859,113),(63859,291),(64055,283),(64063,167),(64063,200),(65044,117),(65044,179),(65441,124),(65441,181),(65441,252),(65441,269),(66386,112),(66386,229),(66418,8),(66418,278),(66744,60),(67384,37),(67384,65),(67384,223),(67384,234),(69101,55),(69101,63),(69101,273),(69256,123),(69256,131),(69256,151),(69256,185),(72583,130),(73386,31),(73386,66),(73386,94),(73386,253),(73562,127),(73925,63),(73925,143),(73925,184),(75671,63),(75671,194),(76786,170),(77100,101),(77100,190),(77100,230),(77100,253),(78477,9),(78477,49),(78477,164),(79601,26),(79601,52),(79601,75),(79601,110),(79601,165),(80315,16),(80315,128),(80315,199),(80321,121),(80321,146),(81108,56),(81108,92),(81108,121),(81108,207),(81263,4),(81263,73),(81263,98),(81263,122),(81263,157),(81263,195),(81495,203),(82244,59),(82244,84),(82333,103),(82333,178),(82333,266),(82464,86),(83038,237),(83620,138),(83620,259),(84873,18),(84873,141),(84873,162),(84873,191),(85587,87),(85587,184),(85981,209),(86357,23),(86357,81),(86357,86),(86858,284),(87013,145),(87416,21),(87822,149),(87822,175),(87822,275),(87822,277),(87978,20),(87978,50),(87978,285),(88164,120),(88164,220),(88375,13),(88375,22),(88375,43),(88375,286),(89197,136),(89197,176),(89197,292),(89902,4),(89902,48),(89902,78),(89902,211),(90534,71),(90649,14),(90649,247),(90649,258),(90667,30),(90667,97),(90667,226),(90667,233),(90667,267),(90798,13),(90798,57),(90798,146),(91349,198),(91520,183),(91520,276),(91672,8),(91672,215),(92389,72),(92389,100),(92389,105),(92389,193),(92389,262),(92389,268),(92389,280),(93300,80),(93300,166),(93300,224),(93300,298),(93791,44),(93791,46),(93791,155),(93791,238),(93995,159),(93995,180),(93995,244),(96475,25),(96712,42),(96712,168),(96712,210),(96712,214),(97121,67),(97216,88),(97216,108),(98826,12),(98826,114),(98923,40),(98923,163),(99537,11),(99537,100),(99537,243),(99537,274),(99537,281);
/*!40000 ALTER TABLE `Owns` ENABLE KEYS */;
UNLOCK TABLES;

--
-- Table structure for table `Transactions`
--

DROP TABLE IF EXISTS `Transactions`;
/*!40101 SET @saved_cs_client     = @@character_set_client */;
/*!50503 SET character_set_client = utf8mb4 */;
CREATE TABLE `Transactions` (
  `accNumber` int NOT NULL,
  `transNumber` int NOT NULL,
  `amount` decimal(18,2) DEFAULT NULL,
  PRIMARY KEY (`accNumber`,`transNumber`)
) ENGINE=InnoDB DEFAULT CHARSET=utf8mb4 COLLATE=utf8mb4_0900_ai_ci;
/*!40101 SET character_set_client = @saved_cs_client */;

--
-- Dumping data for table `Transactions`
--

LOCK TABLES `Transactions` WRITE;
/*!40000 ALTER TABLE `Transactions` DISABLE KEYS */;
INSERT INTO `Transactions` VALUES (1,1,109587.15),(1,2,3267.90),(1,3,3833.03),(1,4,-1931.67),(1,5,698.95),(1,6,576.99),(1,7,-522.09),(1,8,1296.44),(1,9,-1326.49),(1,10,727.73),(1,11,2023.19),(2,1,100002.19),(2,2,2456.75),(2,3,-872.13),(2,4,-385.42),(2,5,796.59),(2,6,-661.25),(2,7,-693.46),(2,8,-797.30),(2,9,125.18),(2,10,-1210.00),(2,11,620.21),(2,12,1426.67),(3,1,74568.53),(3,2,-1580.83),(3,3,2252.95),(3,4,367.74),(3,5,-823.23),(3,6,2445.96),(4,1,104550.76),(4,2,740.54),(4,3,208.96),(4,4,2319.70),(4,5,-1316.36),(5,1,101945.40),(5,2,1907.51),(5,3,-1290.71),(5,4,754.31),(5,5,-1019.26),(5,6,540.83),(5,7,-1359.05),(5,8,1680.28),(5,9,1580.74),(5,10,955.99),(6,1,104247.40),(6,2,-1071.92),(6,3,375.56),(6,4,-119.23),(6,5,2849.68),(6,6,175.60),(6,7,852.14),(7,1,87687.35),(7,2,3931.77),(7,3,-693.49),(7,4,700.07),(7,5,-791.93),(7,6,1487.02),(7,7,3037.94),(8,1,114680.63),(8,2,3695.02),(8,3,2477.94),(8,4,-220.38),(8,5,743.57),(8,6,-1914.90),(8,7,478.05),(8,8,-268.38),(8,9,2592.98),(8,10,-1496.28),(8,11,-593.43),(8,12,1092.72),(9,1,114869.79),(9,2,-767.19),(9,3,2643.22),(9,4,2970.19),(9,5,795.80),(9,6,3621.45),(9,7,845.75),(9,8,-1455.07),(9,9,-1664.98),(9,10,-1087.66),(9,11,991.56),(9,12,3904.03),(9,13,-191.35),(9,14,3884.84),(9,15,2910.85),(10,1,61295.85),(10,2,1596.38),(10,3,3084.12),(10,4,-779.15),(10,5,3787.96),(10,6,3682.28),(11,1,77146.00),(11,2,3398.98),(11,3,3479.26),(11,4,-1888.39),(11,5,-1442.62),(11,6,3445.20),(11,7,3923.53),(11,8,2281.07),(12,1,72310.58),(12,2,3160.09);
/*!40000 ALTER TABLE `Transactions` ENABLE KEYS */;
UNLOCK TABLES;
/*!40103 SET TIME_ZONE=@OLD_TIME_ZONE */;

/*!40101 SET SQL_MODE=@OLD_SQL_MODE */;
/*!40014 SET FOREIGN_KEY_CHECKS=@OLD_FOREIGN_KEY_CHECKS */;
/*!40014 SET UNIQUE_CHECKS=@OLD_UNIQUE_CHECKS */;
/*!40101 SET CHARACTER_SET_CLIENT=@OLD_CHARACTER_SET_CLIENT */;
/*!40101 SET CHARACTER_SET_RESULTS=@OLD_CHARACTER_SET_RESULTS */;
/*!40101 SET COLLATION_CONNECTION=@OLD_COLLATION_CONNECTION */;
/*!40111 SET SQL_NOTES=@OLD_SQL_NOTES */;

-- Dump completed on 2021-07-30 19:33:13
